{
  "height": 643.35958005249347,
  "width": 964.19947506561675,
  "x": 10.078740157480315,
  "y": 0,
  "z": 0
}